university_id,employer reputation rank,employer reputation score
259,1,100.0
295,2,100.0
595,3,100.0
983,4,100.0
1136,5,100.0
337,6,100.0
617,7,100.0
355,8,99.9
202,9,99.8
105,10,99.6
196,11,99.2
596,12,99.2
731,13,98.9
254,14,98.6
547,16,98.4
909,17,98.2
285,18,98.2
624,19,98.1
1089,19,98.0
706,20,97.8
750,21,97.6
534,22,97.6
409,23,97.6
990,24,97.3
8,25,97.3
257,27,96.5
161,28,95.9
227,29,95.4
657,30,95.3
231,31,95.2
708,32,94.4
402,32,94.4
879,34,94.2
1125,35,94.2
761,36,94.1
249,37,93.9
874,38,93.8
627,39,93.5
383,40,93.4
899,41,93.3
729,42,93.2
462,43,93.0
228,44,92.6
808,45,92.3
53,46,91.7
670,47,91.5
320,48,91.1
723,49,90.8
973,50,90.4
790,51,90.4
469,52,89.9
1099,53,89.1
953,54,88.6
359,55,87.9
1018,56,87.7
142,57,87.4
775,58,87.2
90,59,86.7
801,60,86.2
957,61,86.1
549,62,85.0
634,63,84.3
1067,64,83.6
843,65,83.1
833,66,81.8
240,67,81.0
703,68,80.8
1063,69,80.6
98,70,80.2
1024,71,79.7
774,72,79.6
422,73,79.5
821,74,79.4
339,75,79.3
604,76,79.2
467,77,78.9
465,78,78.5
572,79,78.2
934,80,77.5
567,81,76.5
371,82,75.0
358,83,74.9
922,84,74.7
557,85,74.6
1143,86,74.3
1132,87,74.2
497,88,74.0
840,89,73.8
641,90,73.4
1,91,73.2
763,92,73.1
526,93,71.8
517,94,71.3
138,95,70.8
970,96,70.4
513,97,69.8
498,98,68.8
64,99,68.6
1040,100,67.7
858,101,67.4
132,102,66.1
574,103,65.7
1058,104,65.7
61,105,65.7
1079,106,65.0
150,108,64.7
683,109,64.2
139,110,64.1
502,110,64.1
331,112,63.9
735,113,63.8
630,114,63.5
554,115,63.5
225,116,63.1
1118,117,63.0
878,118,62.9
429,119,61.9
585,120,61.1
127,121,60.9
780,122,60.9
451,123,60.7
702,124,60.7
1059,125,60.2
628,126,60.1
1049,127,59.4
40,128,59.3
789,129,59.1
152,130,58.9
1100,131,58.4
546,132,58.2
313,133,58.1
21,134,57.9
900,135,57.7
938,136,57.5
375,137,57.5
201,138,57.5
794,139,57.3
834,140,57.2
233,141,56.7
527,142,56.7
935,143,56.4
223,144,56.4
1042,145,56.3
341,146,56.1
681,147,56.0
931,148,55.6
1068,149,54.2
1055,150,53.9
700,151,53.8
611,152,53.4
1104,153,53.2
208,153,53.2
83,155,53.1
1062,156,53.0
10,156,53.0
1098,158,52.8
868,159,52.8
841,159,52.8
365,161,52.5
30,162,52.5
924,164,52.2
88,164,52.1
1028,165,51.8
903,166,51.8
450,167,51.6
1057,167,51.6
1129,169,51.1
205,170,51.0
933,171,50.6
195,172,50.6
850,173,50.5
849,174,50.4
835,175,50.4
271,176,49.3
421,177,48.9
690,178,48.7
43,179,48.3
489,180,48.3
471,181,48.2
1131,182,48.0
963,182,48.0
844,184,47.9
283,185,47.9
1134,185,47.9
777,187,47.8
300,188,47.6
124,189,47.5
95,191,47.4
50,191,47.2
760,192,47.4
455,192,47.4
480,194,47.2
334,195,47.1
561,196,47.1
85,197,46.8
734,198,46.8
129,199,46.6
181,200,46.5
555,201,46.3
123,202,46.3
866,203,46.0
116,204,45.9
519,205,45.8
943,206,45.8
481,207,45.8
1119,207,45.8
525,209,45.7
599,210,44.8
133,211,44.8
873,212,44.6
832,213,44.5
968,214,44.4
386,215,44.3
802,216,44.2
72,217,44.2
323,218,44.0
906,219,43.9
175,220,43.8
60,221,43.1
274,222,42.9
177,223,42.9
930,224,42.3
426,225,42.3
606,226,42.1
229,227,41.7
989,228,41.7
1071,229,41.4
89,230,41.1
187,231,41.0
619,232,40.9
590,233,40.7
255,234,40.5
348,235,40.2
1027,235,40.2
143,237,40.2
684,238,39.8
102,239,39.7
993,240,39.4
291,241,39.2
18,242,39.0
966,243,38.9
605,244,38.8
996,245,38.8
615,246,38.7
689,247,38.4
1110,247,38.4
607,249,38.2
164,250,38.1
649,251,38.0
804,252,38.0
126,253,37.5
820,254,37.5
869,255,37.3
2,256,37.2
1101,257,36.9
765,258,36.8
950,259,36.7
845,260,36.6
1053,261,36.6
586,262,36.5
325,263,36.5
666,264,36.4
1106,265,36.4
532,266,36.3
648,267,35.9
457,268,35.6
157,269,35.5
1133,270,35.1
969,271,35.0
120,272,34.9
766,273,34.9
452,274,34.5
669,275,34.5
570,276,34.4
518,277,34.3
76,278,34.1
472,279,33.9
62,280,33.7
385,281,33.5
491,282,33.4
796,283,33.2
27,283,33.2
197,285,33.0
830,286,33.0
756,286,33.0
52,286,33.0
508,289,32.8
454,291,32.7
461,292,32.6
1084,292,32.6
368,294,32.3
100,294,32.3
568,296,32.3
647,296,32.3
159,298,32.2
553,299,32.1
948,300,32.0
77,301,31.7
767,302,31.6
961,303,31.5
882,304,31.3
800,305,31.2
665,306,31.1
405,306,31.1
1093,308,30.9
659,309,30.8
444,310,30.5
356,311,30.3
1029,311,30.3
856,313,30.3
226,314,30.2
985,314,30.2
822,316,30.1
1138,316,30.1
154,318,30.1
601,319,30.0
588,320,30.0
49,321,29.9
134,322,29.9
728,323,29.7
1045,324,29.7
12,325,29.6
74,326,29.5
1080,327,29.4
709,327,29.4
47,329,29.3
713,329,29.3
299,329,29.3
137,332,29.1
393,333,29.0
716,334,28.9
167,334,28.9
577,336,28.9
6,337,28.9
579,338,28.8
545,338,28.8
692,338,28.8
677,341,28.8
632,342,28.8
412,343,28.7
209,344,28.6
479,345,28.6
5,346,28.5
1007,347,28.4
852,347,28.4
19,349,28.1
720,349,28.1
3,349,28.1
537,352,28.0
576,353,27.9
260,354,27.7
500,355,27.7
1146,355,27.7
908,357,27.7
758,357,27.7
691,359,27.5
289,360,27.5
410,360,27.5
661,360,27.5
13,363,27.4
364,364,27.2
662,365,27.2
475,366,27.0
813,367,26.9
871,368,26.8
569,369,26.8
396,370,26.6
496,370,26.6
597,372,26.3
390,373,26.2
147,374,26.1
976,375,26.0
241,376,25.9
322,377,25.8
598,377,25.8
432,379,25.6
541,380,25.5
902,381,25.5
284,382,25.5
1082,383,25.4
219,384,25.3
514,385,25.3
707,386,25.2
704,387,25.2
163,388,25.1
1097,389,25.1
826,390,25.0
234,391,24.9
110,391,24.9
92,393,24.9
236,394,24.5
302,395,24.5
512,396,24.4
638,396,24.4
725,396,24.4
520,396,24.4
622,400,24.2
1046,401,24.0
1111,402,23.8
453,402,23.8
380,404,23.8
59,406,23.8
131,407,23.4
580,408,23.1
653,408,23.1
695,410,22.9
862,411,22.9
482,412,22.8
182,413,22.7
1130,413,22.7
158,415,22.6
297,416,22.5
1041,416,22.5
279,418,22.4
1096,419,22.4
183,420,22.2
1009,421,22.1
594,421,22.1
266,423,22.1
778,424,21.9
33,425,21.7
693,426,21.6
317,428,21.6
522,429,21.5
991,431,21.4
836,431,21.4
610,433,21.4
243,434,21.2
589,435,21.0
784,436,20.9
1108,437,20.9
718,437,20.9
1145,439,20.9
824,440,20.8
362,441,20.7
544,442,20.6
613,443,20.6
528,444,20.6
178,445,20.4
730,446,20.3
65,446,20.4
846,448,20.3
974,448,20.3
747,450,20.2
103,451,20.1
529,451,20.1
433,453,20.1
430,453,20.1
179,455,20.0
329,455,20.0
565,457,20.0
593,457,20.0
1073,459,19.8
1139,459,19.8
928,461,19.6
980,462,19.3
335,462,19.3
932,462,19.3
449,465,19.3
435,466,19.3
20,466,19.3
646,468,19.2
959,469,19.2
94,470,19.1
1052,471,19.0
823,472,19.0
1034,473,19.0
268,474,18.9
742,475,18.8
113,475,18.8
211,475,18.8
1144,478,18.8
166,479,18.7
414,480,18.7
1127,481,18.6
792,482,18.4
7,482,18.4
399,484,18.3
220,486,18.3
146,487,18.2
614,488,18.2
1128,488,18.2
746,490,18.1
1121,491,18.1
369,492,18.1
737,493,18.0
651,493,18.0
87,495,17.9
770,496,17.9
1038,497,17.8
865,498,17.8
1116,499,17.8
349,500,17.7
510,500,17.7
